date,comparison_score,finbert_sentiment,supply_up,supply_down,demand_up,demand_down,price_up,price_down,PP_EU,Brent,WTI,NatGas,PP_EU_next_month,Brent_next_month
2019-01-31,,0.18691452,0.01477,0.00633,0.00844,0.00633,0.0,0.00211,1385.0,59.77,51.07,3.15,1385.0,59.77
2019-01-31,,0.22004431,0.00217,0.00316,0.00049,0.00345,0.0,0.00059,1385.0,59.77,51.07,3.15,1385.0,59.77
2019-01-31,,0.6063469,0.0,0.00692,0.0,0.00692,0.0,0.00346,1385.0,59.77,51.07,3.15,1385.0,59.77
2019-01-31,,-0.5722591,0.00037,0.0,0.0,0.00074,0.0,0.0,1385.0,59.77,51.07,3.15,1385.0,63.63
2019-02-28,-0.7,0.04454802,0.00636,0.00636,0.0,0.00636,0.0,0.0,1385.0,63.63,54.53,2.69,1385.0,63.63
2019-02-28,-0.7,0.19203268,0.00146,0.00321,0.00088,0.00292,0.00039,0.00078,1385.0,63.63,54.53,2.69,1385.0,63.63
2019-02-28,-0.7,0.61803085,0.0,0.00671,0.0,0.00671,0.0,0.00671,1385.0,63.63,54.53,2.69,1385.0,63.63
2019-02-28,-0.7,-0.6666894,0.00031,0.00061,0.0,0.00092,0.0,0.0,1385.0,63.63,54.53,2.69,1410.0,66.66
2019-03-31,-0.7,-0.66719645,0.00031,0.00031,0.0,0.00092,0.0,0.0,1410.0,66.66,57.62,2.83,1410.0,66.66
2019-03-31,-0.7,0.16087274,0.00353,0.00353,0.0,0.00707,0.0,0.00707,1410.0,66.66,57.62,2.83,1410.0,66.66
2019-03-31,-0.7,0.49920228,0.02885,0.00481,0.01442,0.00481,0.0,0.0,1410.0,66.66,57.62,2.83,1410.0,66.66
2019-03-31,-0.7,0.25403854,0.00128,0.0051,0.0002,0.0052,0.00029,0.00039,1410.0,66.66,57.62,2.83,1430.0,71.03
2019-04-30,-0.6,-0.49853563,0.0,0.0,0.0,0.0,0.0,0.0038,1430.0,71.03,63.22,2.62,1430.0,71.03
2019-04-30,-0.6,0.21676451,0.00177,0.00344,0.0002,0.00364,0.0002,0.00049,1430.0,71.03,63.22,2.62,1430.0,71.03
2019-04-30,-0.6,-0.008571607,0.0,0.00302,0.0,0.00302,0.00302,0.0,1430.0,71.03,63.22,2.62,1430.0,71.03
2019-04-30,-0.6,-0.6671323,0.0003,0.0,0.0,0.00061,0.0,0.0,1430.0,71.03,63.22,2.62,1430.0,70.93
2019-05-31,-0.3,0.018939538,0.0102,0.0051,0.0051,0.0051,0.0,0.0,1430.0,70.93,61.76,2.6,1430.0,70.93
2019-05-31,-0.3,0.17986178,0.00198,0.00397,0.0005,0.00426,0.0001,0.00059,1430.0,70.93,61.76,2.6,1430.0,70.93
2019-05-31,-0.3,0.33888498,0.00336,0.01007,0.00336,0.01007,0.0,0.0,1430.0,70.93,61.76,2.6,1430.0,70.93
2019-05-31,-0.3,-0.9491768,0.0003,0.0003,0.0,0.0003,0.0,0.0,1430.0,70.93,61.76,2.6,1430.0,63.35
2019-06-30,-0.7,-0.596021,0.0003,0.0,0.0,0.00061,0.0,0.0,1430.0,63.35,54.35,2.38,1430.0,63.35
2019-06-30,-0.7,0.46924627,0.0,0.0,0.0,0.0,0.0,0.0029,1430.0,63.35,54.35,2.38,1430.0,63.35
2019-06-30,-0.7,0.6313257,0.01014,0.00676,0.00676,0.00338,0.0,0.0,1430.0,63.35,54.35,2.38,1430.0,63.35
2019-06-30,-0.7,0.22812502,0.00135,0.00297,0.00036,0.00288,9e-05,0.00036,1430.0,63.35,54.35,2.38,1350.0,64.48
2019-07-31,-0.6,-0.01218062,0.03155,0.00243,0.01699,0.00243,0.0,0.0,1350.0,64.48,57.67,2.31,1350.0,64.48
2019-07-31,-0.6,0.080929354,0.00298,0.0028,0.00063,0.0028,0.0,0.00045,1350.0,64.48,57.67,2.31,1350.0,64.48
2019-07-31,-0.6,0.31540176,0.0027,0.0,0.0,0.0,0.0,0.00539,1350.0,64.48,57.67,2.31,1350.0,64.48
2019-07-31,-0.6,-0.6001787,0.00033,0.00066,0.0,0.00033,0.0,0.0,1350.0,64.48,57.67,2.31,1340.0,59.87
2019-08-31,-0.6,-0.94307387,0.00032,0.0,0.0,0.00032,0.0,0.0,1340.0,59.87,55.03,2.16,1340.0,59.87
2019-08-31,-0.6,0.3425445,0.00393,0.00196,0.00196,0.00196,0.0,0.0,1340.0,59.87,55.03,2.16,1340.0,59.87
2019-08-31,-0.6,0.012735819,0.00243,0.00306,0.00072,0.00333,0.00027,9e-05,1340.0,59.87,55.03,2.16,1340.0,59.87
2019-08-31,-0.6,0.023984015,0.0,0.00278,0.00278,0.00278,0.00278,0.00278,1340.0,59.87,55.03,2.16,1260.0,62.05
2019-09-30,-0.4,-0.7992047,0.00031,0.00031,0.0,0.00063,0.0,0.0,1260.0,62.05,56.7,2.47,1260.0,62.05
2019-09-30,-0.4,0.37738666,0.0,0.0028,0.0,0.0028,0.0,0.0028,1260.0,62.05,56.7,2.47,1260.0,62.05
2019-09-30,-0.4,0.00053723686,0.03145,0.0,0.01887,0.0,0.0,0.0,1260.0,62.05,56.7,2.47,1260.0,62.05
2019-09-30,-0.4,0.2696281,0.00346,0.002,0.00091,0.002,0.00018,9e-05,1260.0,62.05,56.7,2.47,1260.0,59.46
2019-10-31,-0.6,-0.14486857,0.0,0.0,0.00286,0.00286,0.00286,0.00286,1260.0,59.46,53.87,2.29,1260.0,59.46
2019-10-31,-0.6,0.00010924041,0.00617,0.0,0.00412,0.0,0.0,0.0,1260.0,59.46,53.87,2.29,1260.0,59.46
2019-10-31,-0.6,0.097823426,0.00249,0.00338,0.00062,0.00356,0.00027,0.00018,1260.0,59.46,53.87,2.29,1260.0,59.46
2019-10-31,-0.6,-0.93533695,0.00031,0.00031,0.0,0.00063,0.0,0.0,1260.0,59.46,53.87,2.29,1230.0,62.24
2019-11-30,-0.6,-0.8592966,0.00031,0.0,0.0,0.00031,0.0,0.0,1230.0,62.24,56.72,2.66,1230.0,62.24
2019-11-30,-0.6,0.2469806,0.0075,0.0,0.0025,0.0,0.0025,0.0,1230.0,62.24,56.72,2.66,1230.0,62.24
2019-11-30,-0.6,0.29036373,0.01084,0.0,0.00542,0.0,0.0,0.00271,1230.0,62.24,56.72,2.66,1230.0,62.24
2019-11-30,-0.6,0.25402978,0.0022,0.00321,0.00037,0.0033,0.00027,0.0,1230.0,62.24,56.72,2.66,1230.0,64.97
2019-12-31,0.3,-0.008287966,0.02249,0.0,0.01227,0.0,0.0,0.0,1230.0,64.97,59.4,2.31,1230.0,64.97
2019-12-31,0.3,0.21738134,0.00247,0.00274,0.00046,0.00283,0.00027,0.00018,1230.0,64.97,59.4,2.31,1230.0,64.97
2019-12-31,0.3,0.50000006,0.0,0.0,0.0,0.0,0.00309,0.0,1230.0,64.97,59.4,2.31,1230.0,64.97
2019-12-31,0.3,-0.6448048,0.00032,0.0,0.0,0.0,0.0,0.0,1230.0,64.97,59.4,2.31,1230.0,64.89
2020-01-31,-0.4,0.39923745,0.00375,0.00749,0.00187,0.00749,0.0,0.0,1230.0,64.89,58.95,2.08,1230.0,64.89
2020-01-31,-0.4,0.25039697,0.00278,0.00259,0.00074,0.00241,9e-05,0.00028,1230.0,64.89,58.95,2.08,1230.0,64.89
2020-01-31,-0.4,-2.0220268e-05,0.00337,0.0,0.0,0.0,0.00337,0.00337,1230.0,64.89,58.95,2.08,1230.0,64.89
2020-01-31,-0.4,-0.751842,0.0003,0.0003,0.0,0.0003,0.0,0.0,1230.0,64.89,58.95,2.08,1180.0,56.62
2020-02-29,-0.8,-0.60207963,0.00061,0.0,0.00031,0.0,0.0,0.0,1180.0,56.62,51.57,1.86,1180.0,56.62
2020-02-29,-0.8,0.33319405,0.0,0.00251,0.0,0.00251,0.00251,0.0,1180.0,56.62,51.57,1.86,1180.0,56.62
2020-02-29,-0.8,0.658233,0.01055,0.00264,0.00792,0.00264,0.0,0.0,1180.0,56.62,51.57,1.86,1180.0,56.62
2020-02-29,-0.8,0.21784101,0.00311,0.00393,0.00037,0.00384,0.00018,0.00027,1180.0,56.62,51.57,1.86,1140.0,37.22
2020-03-31,-0.8,0.9404168,0.02188,0.00656,0.01313,0.00656,0.0,0.00438,1140.0,37.22,33.59,1.74,1140.0,37.22
2020-03-31,-0.8,0.20721245,0.00189,0.00378,0.00027,0.00387,0.00018,9e-05,1140.0,37.22,33.59,1.74,1140.0,37.22
2020-03-31,-0.8,0.68841106,0.00285,0.00285,0.0,0.00285,0.0,0.00285,1140.0,37.22,33.59,1.74,1140.0,37.22
2020-03-31,-0.8,-0.63424647,0.00074,0.00037,0.00037,0.00037,0.0,0.0,1140.0,37.22,33.59,1.74,1040.0,27.29
2020-04-30,-0.9,-0.03930982,0.0018,0.0,0.0,0.0018,0.0018,0.0018,1040.0,27.29,17.42,1.74,1040.0,27.29
2020-04-30,-0.9,-0.68433076,0.00061,0.0003,0.0003,0.0003,0.0,0.0,1040.0,27.29,17.42,1.74,1040.0,27.29
2020-04-30,-0.9,0.3955478,0.00287,0.00417,0.00043,0.00356,0.00052,0.00017,1040.0,27.29,17.42,1.74,1040.0,27.29
2020-04-30,-0.9,0.017316988,0.00655,0.00982,0.00164,0.00982,0.0,0.00327,1040.0,27.29,17.42,1.74,995.0,30.36
2020-05-31,-0.8,0.045306787,0.00281,0.01685,0.0,0.01404,0.0,0.00281,995.0,30.36,25.69,1.82,995.0,30.36
2020-05-31,-0.8,0.08473019,0.0022,0.00316,0.00048,0.00364,0.0001,0.0001,995.0,30.36,25.69,1.82,995.0,30.36
2020-05-31,-0.8,0.015459182,0.00377,0.0,0.0,0.00377,0.0,0.0,995.0,30.36,25.69,1.82,995.0,30.36
2020-05-31,-0.8,-0.61059016,0.00061,0.0003,0.0003,0.0003,0.0,0.0,995.0,30.36,25.69,1.82,1025.0,39.9
2020-06-30,-0.8,0.5999938,0.0,0.02386,0.0,0.0159,0.0,0.0,1025.0,39.9,37.6,1.71,1025.0,39.9
2020-06-30,-0.8,0.26861364,0.00149,0.00348,0.0006,0.00378,0.0002,0.0002,1025.0,39.9,37.6,1.71,1025.0,39.9
2020-06-30,-0.8,0.21798897,0.0,0.00629,0.0,0.00839,0.0,0.0,1025.0,39.9,37.6,1.71,1025.0,39.9
2020-06-30,-0.8,-0.57877856,0.00059,0.0003,0.0003,0.0003,0.0,0.0,1025.0,39.9,37.6,1.71,1055.0,43.08
2020-07-31,0.8,-0.8022312,0.00063,0.00031,0.0,0.00031,0.0,0.0,1055.0,43.08,40.69,1.75,1055.0,43.08
2020-07-31,0.8,0.333585,0.01711,0.00489,0.00489,0.00733,0.0,0.0,1055.0,43.08,40.69,1.75,1055.0,43.08
2020-07-31,0.8,0.1632603,0.00221,0.00271,0.0008,0.00342,0.0002,0.0002,1055.0,43.08,40.69,1.75,1055.0,43.08
2020-07-31,0.8,-0.19745061,0.0,0.00235,0.00235,0.00235,0.0,0.0,1055.0,43.08,40.69,1.75,1070.0,44.75
2020-08-31,-0.4,0.30991554,0.00386,0.00193,0.00193,0.00579,0.0,0.0,1070.0,44.75,42.11,2.26,1070.0,44.75
2020-08-31,-0.4,-0.653787,0.00062,0.0,0.0,0.0,0.0,0.0,1070.0,44.75,42.11,2.26,1070.0,44.75
2020-08-31,-0.4,0.3725032,0.01374,0.00305,0.00611,0.00305,0.0,0.0,1070.0,44.75,42.11,2.26,1070.0,44.75
2020-08-31,-0.4,0.20079485,0.00167,0.00314,0.00079,0.00402,0.0001,0.0002,1070.0,44.75,42.11,2.26,1060.0,42.07
2020-09-30,-0.6,-0.61044246,0.00061,0.0,0.0,0.0,0.0,0.0,1060.0,42.07,39.7,2.27,1060.0,42.07
2020-09-30,-0.6,0.57640857,0.00191,0.00382,0.0,0.00765,0.0,0.00191,1060.0,42.07,39.7,2.27,1060.0,42.07
2020-09-30,-0.6,0.17076,0.00189,0.00298,0.0007,0.00348,0.0001,0.0006,1060.0,42.07,39.7,2.27,1060.0,42.07
2020-09-30,-0.6,0.22892103,0.01224,0.00612,0.00408,0.00408,0.0,0.00204,1060.0,42.07,39.7,2.27,1060.0,42.0
2020-10-31,-0.6,0.47042876,0.00637,0.00318,0.00637,0.00318,0.0,0.0,1060.0,42.0,40.04,2.74,1060.0,42.0
2020-10-31,-0.6,0.1665605,0.0022,0.00249,0.00048,0.00316,0.0001,0.00029,1060.0,42.0,40.04,2.74,1060.0,42.0
2020-10-31,-0.6,0.556977,0.0,0.0,0.0,0.0,0.0,0.0,1060.0,42.0,40.04,2.74,1060.0,42.0
2020-10-31,-0.6,-0.66058505,0.00052,0.0,0.0,0.0,0.0,0.0,1060.0,42.0,40.04,2.74,1060.0,43.17
2020-11-30,0.6,0.572763,0.002,0.002,0.0,0.00601,0.0,0.0,1060.0,43.17,40.85,2.92,1060.0,43.17
2020-11-30,0.6,-0.7242282,0.00053,0.0,0.0,0.0,0.0,0.0,1060.0,43.17,40.85,2.92,1060.0,43.17
2020-11-30,0.6,0.39511418,0.00176,0.01764,0.00176,0.0194,0.0,0.00176,1060.0,43.17,40.85,2.92,1060.0,43.17
2020-11-30,0.6,0.19438584,0.00229,0.00391,0.00057,0.00486,0.00048,0.00029,1060.0,43.17,40.85,2.92,1102.5,50.07
2020-12-31,0.4,-0.11383552,0.00872,0.00291,0.00291,0.00291,0.0,0.0,1102.5,50.07,46.92,2.6,1102.5,50.07
2020-12-31,0.4,0.15999058,0.00193,0.00299,0.00077,0.00299,0.00048,0.00029,1102.5,50.07,46.92,2.6,1102.5,50.07
2020-12-31,0.4,0.6403589,0.0,0.00449,0.0,0.00449,0.0,0.00225,1102.5,50.07,46.92,2.6,1102.5,50.07
2020-12-31,0.4,-0.7531515,0.00054,0.0,0.0,0.0,0.0,0.0,1102.5,50.07,46.92,2.6,1255.0,54.51
2021-01-31,0.7,0.49994183,0.0,0.0,0.00833,0.0,0.0,0.0,1255.0,54.51,51.3,2.62,1255.0,54.51
2021-01-31,0.7,0.10408807,0.00244,0.00226,0.00054,0.00244,0.00018,0.00036,1255.0,54.51,51.3,2.62,1255.0,54.51
2021-01-31,0.7,0.50770575,0.00488,0.00163,0.00163,0.00325,0.0,0.00163,1255.0,54.51,51.3,2.62,1255.0,54.51
2021-01-31,0.7,-0.9906832,0.00053,0.0,0.0,0.0,0.0,0.0,1255.0,54.51,51.3,2.62,1475.0,60.08
2021-02-28,0.7,-0.84870607,0.00052,0.0,0.0,0.0,0.0,0.0,1475.0,60.08,57.05,2.88,1475.0,60.08
2021-02-28,0.7,0.063525654,0.00508,0.00339,0.0,0.00339,0.0,0.0,1475.0,60.08,57.05,2.88,1475.0,60.08
2021-02-28,0.7,0.19245669,0.00238,0.00277,0.00067,0.00324,0.00057,0.00048,1475.0,60.08,57.05,2.88,1475.0,60.08
2021-02-28,0.7,1.7859338e-06,0.00833,0.0,0.01667,0.0,0.0,0.0,1475.0,60.08,57.05,2.88,1775.0,65.96
2021-03-31,0.4,-0.6668761,0.00529,0.0,0.00529,0.0,0.0,0.0,1775.0,65.96,62.58,2.65,1775.0,65.96
2021-03-31,0.4,0.23676313,0.00163,0.00249,0.00057,0.00268,0.00038,0.00019,1775.0,65.96,62.58,2.65,1775.0,65.96
2021-03-31,0.4,0.47854438,0.00407,0.00407,0.00203,0.00407,0.0,0.0,1775.0,65.96,62.58,2.65,1775.0,65.96
2021-03-31,0.4,-0.5643083,0.00052,0.0,0.0,0.0,0.0,0.0,1775.0,65.96,62.58,2.65,2025.0,64.69
2021-04-30,0.7,0.3559416,0.00172,0.00172,0.00172,0.00172,0.0,0.0,2025.0,64.69,61.0,2.63,2025.0,64.69
2021-04-30,0.7,-0.5390893,0.00052,0.0,0.0,0.0,0.0,0.0,2025.0,64.69,61.0,2.63,2025.0,64.69
2021-04-30,0.7,0.39994082,0.00348,0.0087,0.00174,0.00522,0.0,0.0,2025.0,64.69,61.0,2.63,2025.0,64.69
2021-04-30,0.7,0.21984114,0.00136,0.00209,0.00063,0.00227,0.00018,0.00018,2025.0,64.69,61.0,2.63,2125.0,68.15
2021-05-31,0.3,0.60192853,0.00219,0.00658,0.0,0.00877,0.0,0.0,2125.0,68.15,65.0,2.95,2125.0,68.15
2021-05-31,0.3,0.28828797,0.00147,0.00193,0.00083,0.00202,9e-05,0.00028,2125.0,68.15,65.0,2.95,2125.0,68.15
2021-05-31,0.3,0.38836735,0.0,0.0,0.0,0.0,0.0,0.0,2125.0,68.15,65.0,2.95,2125.0,68.15
2021-05-31,0.3,-0.52963257,0.00051,0.0,0.0,0.0,0.0,0.0,2125.0,68.15,65.0,2.95,2175.0,73.25
2021-06-30,0.7,-0.98234034,0.00052,0.0,0.0,0.0,0.0,0.0,2175.0,73.25,71.17,3.24,2175.0,73.25
2021-06-30,0.7,-0.20198102,0.01092,0.00655,0.00437,0.00655,0.0,0.0,2175.0,73.25,71.17,3.24,2175.0,73.25
2021-06-30,0.7,0.2369414,0.00217,0.00217,0.00094,0.00198,0.0,0.00019,2175.0,73.25,71.17,3.24,2175.0,73.25
2021-06-30,0.7,0.65347314,0.00341,0.00171,0.0,0.00171,0.0,0.0,2175.0,73.25,71.17,3.24,2175.0,74.05
2021-07-31,0.7,-0.8007946,0.00057,0.0,0.0,0.0,0.0,0.0,2175.0,74.05,72.5,3.75,2175.0,74.05
2021-07-31,0.7,0.18340948,0.0019,0.0038,0.0019,0.0057,0.0,0.0,2175.0,74.05,72.5,3.75,2175.0,74.05
2021-07-31,0.7,0.1576462,0.00232,0.00134,0.00089,0.00125,0.0,0.00027,2175.0,74.05,72.5,3.75,2175.0,74.05
2021-07-31,0.7,8.7847e-08,0.04032,0.0,0.01613,0.0,0.0,0.0,2175.0,74.05,72.5,3.75,2175.0,71.2
2021-08-31,0.6,-0.3336432,0.01389,0.0,0.00556,0.0,0.0,0.0,2175.0,71.2,68.51,4.01,2175.0,71.2
2021-08-31,0.6,0.34140497,0.00206,0.00153,0.00099,0.00197,0.00018,0.00027,2175.0,71.2,68.51,4.01,2175.0,71.2
2021-08-31,0.6,0.35822326,0.0,0.00194,0.0,0.00194,0.0,0.00194,2175.0,71.2,68.51,4.01,2175.0,71.2
2021-08-31,0.6,-0.6117086,0.00053,0.0,0.0,0.0,0.0,0.0,2175.0,71.2,68.51,4.01,2175.0,74.22
2021-09-30,0.8,0.12123865,0.00177,0.0,0.0,0.00177,0.0,0.0,2175.0,74.22,70.74,4.96,2175.0,74.22
2021-09-30,0.8,-0.91091365,0.00053,0.0,0.0,0.0,0.0,0.0,2175.0,74.22,70.74,4.96,2175.0,74.22
2021-09-30,0.8,-0.2503932,0.01985,0.0,0.00744,0.0,0.0,0.0,2175.0,74.22,70.74,4.96,2175.0,74.22
2021-09-30,0.8,0.2766537,0.0022,0.00093,0.00101,0.00093,0.00034,8e-05,2175.0,74.22,70.74,4.96,2175.0,82.76
2021-10-31,0.7,-0.333321,0.02357,0.00337,0.0101,0.00337,0.0,0.0,2175.0,82.76,79.86,5.54,2175.0,82.76
2021-10-31,0.7,0.23637323,0.00134,0.00161,0.00063,0.00188,0.00045,0.00054,2175.0,82.76,79.86,5.54,2175.0,82.76
2021-10-31,0.7,0.5975267,0.00362,0.00181,0.00181,0.0,0.00181,0.00362,2175.0,82.76,79.86,5.54,2175.0,82.76
2021-10-31,0.7,-0.9364768,0.00053,0.0,0.0,0.0,0.0,0.0,2175.0,82.76,79.86,5.54,2225.0,81.73
2021-11-30,0.7,-0.00065131934,0.02091,0.0,0.01045,0.0,0.0,0.0,2225.0,81.73,79.72,5.25,2225.0,81.73
2021-11-30,0.7,0.18357292,0.00184,0.00167,0.0007,0.00158,0.00035,9e-05,2225.0,81.73,79.72,5.25,2225.0,81.73
2021-11-30,0.7,0.24912927,0.0,0.00191,0.0,0.00191,0.00191,0.0,2225.0,81.73,79.72,5.25,2225.0,81.73
2021-11-30,0.7,-0.5510328,0.00053,0.0,0.0,0.0,0.0,0.0,2225.0,81.73,79.72,5.25,2225.0,73.79
2021-12-31,0.7,-0.94326174,0.00053,0.0,0.0,0.0,0.0,0.0,2225.0,73.79,70.6,3.91,2225.0,73.79
2021-12-31,0.7,0.7627069,0.00535,0.00178,0.00535,0.00178,0.00178,0.00178,2225.0,73.79,70.6,3.91,2225.0,73.79
2021-12-31,0.7,0.3306087,0.00246,0.00146,0.00164,0.00137,0.00036,0.00064,2225.0,73.79,70.6,3.91,2225.0,73.79
2021-12-31,0.7,-0.027556444,0.00682,0.00227,0.00682,0.00227,0.0,0.0,2225.0,73.79,70.6,3.91,2225.0,84.42
2022-01-31,0.4,0.05440805,0.0155,0.00775,0.00388,0.00775,0.0,0.0,2225.0,84.42,81.87,4.2,2225.0,84.42
2022-01-31,0.4,0.27245986,0.00186,0.00159,0.00133,0.00204,0.00035,0.0,2225.0,84.42,81.87,4.2,2225.0,84.42
2022-01-31,0.4,0.47568646,0.00153,0.00153,0.00153,0.00153,0.0,0.0,2225.0,84.42,81.87,4.2,2225.0,84.42
2022-01-31,0.4,-0.83720714,0.00053,0.0,0.0,0.0,0.0,0.0,2225.0,84.42,81.87,4.2,2175.0,94.01
2022-02-28,0.7,0.4214971,0.00172,0.00172,0.00172,0.00344,0.0,0.0,2175.0,94.01,91.65,4.46,2175.0,94.01
2022-02-28,0.7,-0.80513906,0.00026,0.0,0.0,0.0,0.0,0.0,2175.0,94.01,91.65,4.46,2175.0,94.01
2022-02-28,0.7,-0.3333247,0.01093,0.0,0.00546,0.0,0.0,0.0,2175.0,94.01,91.65,4.46,2175.0,94.01
2022-02-28,0.7,0.23728505,0.00175,0.00166,0.00079,0.00192,0.00017,0.00017,2175.0,94.01,91.65,4.46,2275.0,112.75
2022-03-31,0.6,-0.19941244,0.00926,0.0,0.00185,0.0,0.0,0.0,2275.0,112.75,108.88,4.9,2275.0,112.75
2022-03-31,0.6,0.19538721,0.00205,0.00177,0.00075,0.00205,0.00028,0.00019,2275.0,112.75,108.88,4.9,2275.0,112.75
2022-03-31,0.6,0.5952064,0.00188,0.00188,0.00188,0.00188,0.0,0.0,2275.0,112.75,108.88,4.9,2275.0,112.75
2022-03-31,0.6,-0.9977602,0.00026,0.0,0.0,0.0,0.0,0.0,2275.0,112.75,108.88,4.9,2475.0,106.61
2022-04-30,-0.4,-0.91171855,0.00026,0.0,0.0,0.0,0.0,0.0,2475.0,106.61,101.82,6.48,2475.0,106.61
2022-04-30,-0.4,-0.20383993,0.01597,0.00798,0.01397,0.00599,0.0,0.0,2475.0,106.61,101.82,6.48,2475.0,106.61
2022-04-30,-0.4,0.24202697,0.00281,0.00114,0.00123,0.00114,0.00018,0.00018,2475.0,106.61,101.82,6.48,2475.0,106.61
2022-04-30,-0.4,0.25543085,0.00207,0.00207,0.00207,0.00207,0.0,0.0,2475.0,106.61,101.82,6.48,2400.0,110.48
2022-05-31,-0.6,0.15639584,0.0021,0.00096,0.00113,0.00087,0.00052,0.00017,2400.0,110.48,108.23,8.02,2400.0,110.48
2022-05-31,-0.6,0.32756835,0.00331,0.0,0.00166,0.00166,0.00331,0.0,2400.0,110.48,108.23,8.02,2400.0,110.48
2022-05-31,-0.6,-0.33323014,0.03089,0.00386,0.00386,0.00386,0.0,0.0,2400.0,110.48,108.23,8.02,2400.0,110.48
2022-05-31,-0.6,-0.9988016,0.00026,0.0,0.0,0.0,0.0,0.0,2400.0,110.48,108.23,8.02,2300.0,118.14
2022-06-30,-0.6,-0.99951905,0.00026,0.0,0.0,0.0,0.0,0.0,2300.0,118.14,115.19,7.82,2300.0,118.14
2022-06-30,-0.6,0.49467215,0.0063,0.0,0.00157,0.0,0.00157,0.0,2300.0,118.14,115.19,7.82,2300.0,118.14
2022-06-30,-0.6,0.2524421,0.00284,0.0008,0.00071,0.00106,9e-05,0.00027,2300.0,118.14,115.19,7.82,2300.0,118.14
2022-06-30,-0.6,-0.1999347,0.02103,0.0,0.00701,0.0,0.0,0.0,2300.0,118.14,115.19,7.82,2130.0,106.51
2022-07-31,0.6,-6.867533e-08,0.02326,0.0,0.0,0.0,0.0,0.0,2130.0,106.51,101.83,6.71,2130.0,106.51
2022-07-31,0.6,0.28320673,0.00205,0.00159,0.00065,0.00149,0.00037,0.00028,2130.0,106.51,101.83,6.71,2130.0,106.51
2022-07-31,0.6,0.5568404,0.01134,0.00189,0.00189,0.0,0.0,0.0,2130.0,106.51,101.83,6.71,2130.0,106.51
2022-07-31,0.6,-0.8068277,0.00057,0.0,0.0,0.0,0.0,0.0,2130.0,106.51,101.83,6.71,1980.0,99.22
2022-08-31,0.7,-0.16666177,0.03206,0.0,0.01679,0.0,0.0,0.0,1980.0,99.22,92.41,8.71,1980.0,99.22
2022-08-31,0.7,0.2616489,0.00153,0.00144,0.00067,0.00144,0.00019,0.00067,1980.0,99.22,92.41,8.71,1980.0,99.22
2022-08-31,0.7,0.51667804,0.0016,0.0016,0.0016,0.0016,0.0,0.0,1980.0,99.22,92.41,8.71,1980.0,99.22
2022-08-31,0.7,-0.8646368,0.00027,0.0,0.0,0.0,0.0,0.0,1980.0,99.22,92.41,8.71,1780.0,91.79
2022-09-30,0.6,-0.99994916,0.00027,0.0,0.0,0.0,0.0,0.0,1780.0,91.79,85.42,8.15,1780.0,91.79
2022-09-30,0.6,0.69663286,0.00338,0.00507,0.0,0.00338,0.00169,0.0,1780.0,91.79,85.42,8.15,1780.0,91.79
2022-09-30,0.6,0.003994664,0.04321,0.0,0.02469,0.0,0.0,0.0,1780.0,91.79,85.42,8.15,1780.0,91.79
2022-09-30,0.6,0.24795935,0.00152,0.00237,0.00066,0.00228,0.00019,0.00019,1780.0,91.79,85.42,8.15,1730.0,92.7
2022-10-31,0.6,-3.3181612e-07,0.02617,0.00374,0.00935,0.00374,0.0,0.0,1730.0,92.7,85.96,6.2,1730.0,92.7
2022-10-31,0.6,0.1659526,0.00091,0.0021,0.00037,0.0022,0.0,0.00046,1730.0,92.7,85.96,6.2,1730.0,92.7
2022-10-31,0.6,0.2186363,0.00318,0.0,0.00159,0.0,0.0,0.0,1730.0,92.7,85.96,6.2,1730.0,92.7
2022-10-31,0.6,-0.71624184,0.00027,0.0,0.0,0.0,0.0,0.0,1730.0,92.7,85.96,6.2,1720.0,91.5
2022-11-30,0.3,-1.1945953e-06,0.04724,0.0,0.02362,0.0,0.0,0.0,1720.0,91.5,84.57,6.39,1720.0,91.5
2022-11-30,0.3,0.13847427,0.00074,0.00193,0.00074,0.00203,0.00018,0.00064,1720.0,91.5,84.57,6.39,1720.0,91.5
2022-11-30,0.3,0.28439873,0.00144,0.00432,0.00432,0.00432,0.0,0.0,1720.0,91.5,84.57,6.39,1720.0,91.5
2022-11-30,0.3,-0.6717846,0.00027,0.0,0.0,0.0,0.0,0.0,1720.0,91.5,84.57,6.39,1675.0,81.13
2022-12-31,0.4,-0.9998306,0.00027,0.0,0.0,0.0,0.0,0.0,1675.0,81.13,76.32,6.07,1675.0,81.13
2022-12-31,0.4,0.49646974,0.0,0.00164,0.00493,0.00164,0.0,0.00164,1675.0,81.13,76.32,6.07,1675.0,81.13
2022-12-31,0.4,0.08889433,0.00121,0.00093,0.00084,0.00074,0.00019,0.00065,1675.0,81.13,76.32,6.07,1675.0,81.13
2022-12-31,0.4,-1.1164293e-07,0.02331,0.00233,0.00932,0.00233,0.00233,0.0,1675.0,81.13,76.32,6.07,1575.0,83.83
2023-01-31,0.4,-0.14281528,0.02819,0.0,0.00663,0.0,0.0,0.0,1575.0,83.83,78.34,3.73,1575.0,83.83
2023-01-31,0.4,0.10871721,0.0017,0.00179,0.00123,0.0017,0.0,0.00038,1575.0,83.83,78.34,3.73,1575.0,83.83
2023-01-31,0.4,0.5844899,0.00469,0.00469,0.00781,0.00469,0.0,0.00156,1575.0,83.83,78.34,3.73,1575.0,83.83
2023-01-31,0.4,-0.89413226,0.00027,0.0,0.0,0.0,0.0,0.0,1575.0,83.83,78.34,3.73,1615.0,83.6
2023-02-28,0.3,-0.47563508,0.02646,0.0,0.01587,0.0,0.0,0.0,1615.0,83.6,77.01,2.43,1615.0,83.6
2023-02-28,0.3,0.10366496,0.00074,0.00279,0.00019,0.00288,0.00047,0.00037,1615.0,83.6,77.01,2.43,1615.0,83.6
2023-02-28,0.3,0.56748134,0.0,0.00421,0.0,0.00421,0.00281,0.0014,1615.0,83.6,77.01,2.43,1615.0,83.6
2023-02-28,0.3,-0.8103695,0.00027,0.0,0.0,0.0,0.0,0.0,1615.0,83.6,77.01,2.43,1620.0,79.48
2023-03-31,-0.4,-0.98506576,0.00026,0.0,0.0,0.0,0.0,0.0,1620.0,79.48,73.42,2.49,1620.0,79.48
2023-03-31,-0.4,0.67533016,0.0,0.00161,0.0,0.00161,0.00161,0.0,1620.0,79.48,73.42,2.49,1620.0,79.48
2023-03-31,-0.4,0.08086328,0.00126,0.00207,0.00036,0.00207,9e-05,0.00045,1620.0,79.48,73.42,2.49,1620.0,79.48
2023-03-31,-0.4,-0.24973461,0.01096,0.00439,0.00439,0.00439,0.0,0.0,1620.0,79.48,73.42,2.49,1580.0,83.42
2023-04-30,0.4,-0.24999967,0.02762,0.0,0.00276,0.0,0.0,0.0,1580.0,83.42,79.15,2.15,1580.0,83.42
2023-04-30,0.4,0.03856742,0.00089,0.00232,0.00045,0.00232,0.00063,0.00045,1580.0,83.42,79.15,2.15,1580.0,83.42
2023-04-30,0.4,0.34613734,0.00352,0.00528,0.0,0.00528,0.00176,0.0,1580.0,83.42,79.15,2.15,1580.0,83.42
2023-04-30,0.4,-0.997908,0.00026,0.0,0.0,0.0,0.0,0.0,1580.0,83.42,79.15,2.15,1470.0,74.95
2023-06-30,0.6,-0.89553547,0.00026,0.0,0.0,0.0,0.0,0.0,1470.0,74.95,70.28,2.41,1470.0,74.95
2023-06-30,0.6,0.17505045,0.0,0.0034,0.0,0.0034,0.0,0.0,1470.0,74.95,70.28,2.41,1470.0,74.95
2023-06-30,0.6,0.10063068,0.00083,0.00138,0.00046,0.00175,0.00046,0.00028,1470.0,74.95,70.28,2.41,1470.0,74.95
2023-06-30,0.6,-0.33321628,0.0297,0.0,0.0066,0.0,0.0,0.0,1470.0,74.95,70.28,2.41,1470.0,74.95
2023-06-30,0.6,-0.33321628,0.0297,0.0,0.0066,0.0,0.0,0.0,1470.0,74.95,70.28,2.41,1470.0,74.95
2023-06-30,0.6,0.17505045,0.0,0.0034,0.0,0.0034,0.0,0.0,1470.0,74.95,70.28,2.41,1470.0,74.95
2023-06-30,0.6,0.10063068,0.00083,0.00138,0.00046,0.00175,0.00046,0.00028,1470.0,74.95,70.28,2.41,1470.0,74.95
2023-06-30,0.6,-0.89553547,0.00026,0.0,0.0,0.0,0.0,0.0,1470.0,74.95,70.28,2.41,1400.0,79.2
2023-07-31,0.6,-0.20005178,0.02688,0.00358,0.01075,0.00358,0.0,0.0,1400.0,79.2,74.84,2.65,1400.0,79.2
2023-07-31,0.6,0.058595825,0.00179,0.00143,0.00072,0.00143,0.00018,0.00027,1400.0,79.2,74.84,2.65,1400.0,79.2
2023-07-31,0.6,0.50440085,0.0,0.00437,0.0,0.00437,0.0,0.0,1400.0,79.2,74.84,2.65,1400.0,79.2
2023-07-31,0.6,-0.7565155,0.00028,0.0,0.0,0.0,0.0,0.0,1400.0,79.2,74.84,2.65,1400.0,84.96
2023-08-31,0.4,-0.39513212,0.02454,0.00204,0.00409,0.00204,0.0,0.0,1400.0,84.96,81.2,2.64,1400.0,84.96
2023-08-31,0.4,0.1663313,0.00153,0.00261,0.0009,0.0027,0.00018,0.0,1400.0,84.96,81.2,2.64,1400.0,84.96
2023-08-31,0.4,0.65587497,0.00478,0.00318,0.00159,0.00318,0.0,0.0,1400.0,84.96,81.2,2.64,1400.0,84.96
2023-08-31,0.4,-0.5295032,0.00027,0.0,0.0,0.0,0.0,0.0,1400.0,84.96,81.2,2.64,1445.0,90.95
2023-09-30,0.3,-0.24941213,0.0344,0.00491,0.00491,0.00491,0.0,0.0,1445.0,90.95,87.57,2.67,1445.0,90.95
2023-09-30,0.3,0.11468396,0.00133,0.00195,0.0008,0.00204,0.00027,9e-05,1445.0,90.95,87.57,2.67,1445.0,90.95
2023-09-30,0.3,0.16688079,0.00174,0.00174,0.0,0.00348,0.00348,0.0,1445.0,90.95,87.57,2.67,1445.0,90.95
2023-09-30,0.3,-0.85521156,0.00027,0.0,0.0,0.0,0.0,0.0,1445.0,90.95,87.57,2.67,1475.0,89.81
2023-10-31,-0.4,0.6173879,0.0035,0.01224,0.00175,0.01224,0.0,0.0,1475.0,89.81,86.63,3.08,1475.0,89.81
2023-10-31,-0.4,-0.9373741,0.00026,0.0,0.0,0.0,0.0,0.0,1475.0,89.81,86.63,3.08,1475.0,89.81
2023-10-31,-0.4,0.054751456,0.03629,0.00806,0.01613,0.00806,0.0,0.0,1475.0,89.81,86.63,3.08,1475.0,89.81
2023-10-31,-0.4,0.14456429,0.00225,0.00341,0.0009,0.00341,0.00018,0.00027,1475.0,89.81,86.63,3.08,1425.0,82.22
2023-11-30,0.6,-6.2727173e-07,0.03896,0.0,0.01948,0.0,0.0,0.0,1425.0,82.22,77.6,3.12,1425.0,82.22
2023-11-30,0.6,0.25172535,0.00183,0.00322,0.00043,0.00304,9e-05,0.00087,1425.0,82.22,77.6,3.12,1425.0,82.22
2023-11-30,0.6,0.7085792,0.005,0.005,0.005,0.00333,0.0,0.005,1425.0,82.22,77.6,3.12,1425.0,82.22
2023-11-30,0.6,-0.9999688,0.00026,0.0,0.0,0.0,0.0,0.0,1425.0,82.22,77.6,3.12,1385.0,77.86
2023-12-31,0.6,0.4568831,0.00364,0.00364,0.00182,0.00364,0.0,0.0,1385.0,77.86,72.67,2.57,1385.0,77.86
2023-12-31,0.6,-0.9999226,0.00026,0.0,0.0,0.0,0.0,0.0,1385.0,77.86,72.67,2.57,1385.0,77.86
2023-12-31,0.6,-0.33322856,0.026,0.0,0.0052,0.0,0.0,0.0,1385.0,77.86,72.67,2.57,1385.0,77.86
2023-12-31,0.6,0.117242746,0.00208,0.00262,0.00036,0.00262,0.00018,0.00027,1385.0,77.86,72.67,2.57,1395.0,78.85
2024-01-31,0.6,-0.20000061,0.02408,0.0,0.00642,0.0,0.0,0.0,1395.0,78.85,73.43,2.75,1395.0,78.85
2024-01-31,0.6,0.13882804,0.00211,0.00239,0.0011,0.00202,0.00018,0.00018,1395.0,78.85,73.43,2.75,1395.0,78.85
2024-01-31,0.6,0.61332,0.00313,0.00313,0.00156,0.00313,0.0,0.0,1395.0,78.85,73.43,2.75,1395.0,78.85
2024-01-31,0.6,-0.9404621,0.00032,0.0,0.0,0.0,0.0,0.0,1395.0,78.85,73.43,2.75,1445.0,81.44
2024-02-29,0.2,-7.916178e-08,0.03261,0.0,0.01087,0.0,0.0,0.0,1445.0,81.44,76.41,1.82,1445.0,81.44
2024-02-29,0.2,0.22003096,0.00182,0.00209,0.00073,0.002,9e-05,0.00045,1445.0,81.44,76.41,1.82,1445.0,81.44
2024-02-29,0.2,0.58687043,0.00417,0.00417,0.0,0.00417,0.00208,0.0,1445.0,81.44,76.41,1.82,1445.0,81.44
2024-02-29,0.2,-0.777854,0.00054,0.0,0.0,0.0,0.0,0.0,1445.0,81.44,76.41,1.82,1505.0,84.22
2024-03-31,-0.4,-0.6865579,0.00155,0.0,0.0,0.0,0.0,0.0,1505.0,84.22,79.88,1.76,1505.0,84.22
2024-03-31,-0.4,0.02380023,0.00652,0.00652,0.0,0.00652,0.00217,0.00217,1505.0,84.22,79.88,1.76,1505.0,84.22
2024-03-31,-0.4,0.19655117,0.00235,0.00199,0.00018,0.00199,0.00027,0.00045,1505.0,84.22,79.88,1.76,1505.0,84.22
2024-03-31,-0.4,-0.3333657,0.02473,0.0,0.00707,0.0,0.0,0.0,1505.0,84.22,79.88,1.76,1540.0,88.67
2024-04-30,0.6,-0.00014433265,0.01609,0.0046,0.0046,0.0046,0.0,0.0,1540.0,88.67,84.13,1.77,1540.0,88.67
2024-04-30,0.6,0.28999245,0.00175,0.00231,0.00065,0.00221,0.00018,0.00018,1540.0,88.67,84.13,1.77,1540.0,88.67
2024-04-30,0.6,0.9631671,0.00193,0.00967,0.0,0.00967,0.0,0.0,1540.0,88.67,84.13,1.77,1540.0,88.67
2024-04-30,0.6,-0.8334916,0.00076,0.0,0.0,0.0,0.0,0.0,1540.0,88.67,84.13,1.77,1515.0,83.22
2024-05-31,0.3,-0.19204554,0.02481,0.00382,0.00382,0.00382,0.0,0.0,1515.0,83.22,78.77,2.38,1515.0,83.22
2024-05-31,0.3,0.216592,0.0026,0.00206,0.00072,0.00206,9e-05,0.00036,1515.0,83.22,78.77,2.38,1515.0,83.22
2024-05-31,0.3,0.24035542,0.00552,0.00552,0.0,0.00552,0.0,0.00368,1515.0,83.22,78.77,2.38,1515.0,83.22
2024-05-31,0.3,-0.9999978,0.00029,0.0,0.0,0.0,0.0,0.0,1515.0,83.22,78.77,2.38,1475.0,82.44
2024-06-30,0.6,-0.99868447,0.00027,0.0,0.0,0.0,0.0,0.0,1475.0,82.44,78.29,2.79,1475.0,82.44
2024-06-30,0.6,0.461214,0.0,0.00361,0.0,0.00361,0.0,0.0,1475.0,82.44,78.29,2.79,1475.0,82.44
2024-06-30,0.6,-0.0053690523,0.01099,0.00275,0.00275,0.00275,0.0,0.0,1475.0,82.44,78.29,2.79,1475.0,82.44
2024-06-30,0.6,0.13000314,0.00153,0.0018,0.00054,0.00171,9e-05,0.00045,1475.0,82.44,78.29,2.79,1475.0,84.48
2024-07-31,0.6,-1.603709e-05,0.01099,0.0,0.0,0.0,0.0,0.0,1475.0,84.48,81.04,2.3,1475.0,84.48
2024-07-31,0.6,0.1693879,0.00238,0.00221,0.00079,0.00238,9e-05,0.00053,1475.0,84.48,81.04,2.3,1475.0,84.48
2024-07-31,0.6,0.63213557,0.00344,0.00344,0.0,0.00515,0.00172,0.0,1475.0,84.48,81.04,2.3,1475.0,84.48
2024-07-31,0.6,-0.97106236,0.00027,0.0,0.0,0.0,0.0,0.0,1475.0,84.48,81.04,2.3,1500.0,78.88
2024-08-31,-0.4,-0.92969465,0.00027,0.0,0.0,0.0,0.0,0.0,1500.0,78.88,75.63,2.1,1500.0,78.88
2024-08-31,-0.4,0.7187183,0.00145,0.00434,0.0,0.00723,0.0,0.00145,1500.0,78.88,75.63,2.1,1500.0,78.88
2024-08-31,-0.4,0.20240054,0.0021,0.00289,0.00061,0.00315,0.0,0.00035,1500.0,78.88,75.63,2.1,1500.0,78.88
2024-08-31,-0.4,-6.0468315e-05,0.02461,0.0,0.00224,0.0,0.0,0.0,1500.0,78.88,75.63,2.1,1500.0,73.96
2024-09-30,0.4,-0.0017645555,0.02261,0.00174,0.00522,0.00174,0.0,0.0,1500.0,73.96,70.47,2.33,1500.0,73.96
2024-09-30,0.4,0.17959002,0.00184,0.00395,0.00055,0.00367,0.0,0.00018,1500.0,73.96,70.47,2.33,1500.0,73.96
2024-09-30,0.4,0.38331196,0.0,0.00299,0.0,0.00299,0.0,0.00149,1500.0,73.96,70.47,2.33,1500.0,73.96
2024-09-30,0.4,-0.92835665,0.00027,0.0,0.0,0.0,0.0,0.0,1500.0,73.96,70.47,2.33,1460.0,75.84
2024-10-31,-0.6,0.37198958,0.0,0.00613,0.0,0.00613,0.0,0.0,1460.0,75.84,72.04,2.57,1460.0,75.84
2024-10-31,-0.6,-0.93143606,0.00027,0.0,0.0,0.0,0.0,0.0,1460.0,75.84,72.04,2.57,1460.0,75.84
2024-10-31,-0.6,-0.33354783,0.02062,0.0,0.01375,0.0,0.0,0.0,1460.0,75.84,72.04,2.57,1460.0,75.84
2024-10-31,-0.6,0.23310652,0.00178,0.00392,0.00036,0.00383,0.0,0.00036,1460.0,75.84,72.04,2.57,1457.5,73.32
2024-11-30,0.4,-0.16712773,0.02867,0.00169,0.00675,0.00169,0.0,0.0,1457.5,73.32,69.52,2.88,1457.5,73.32
2024-11-30,0.4,0.088769354,0.00213,0.00301,0.00071,0.00301,0.00035,0.00053,1457.5,73.32,69.52,2.88,1457.5,73.32
2024-11-30,0.4,0.12207659,0.00149,0.00447,0.0,0.00447,0.00149,0.00149,1457.5,73.32,69.52,2.88,1457.5,73.32
2024-11-30,0.4,-0.9283789,0.00026,0.0,0.0,0.0,0.0,0.0,1457.5,73.32,69.52,2.88,1445.0,73.04
2024-12-31,-0.6,-0.913179,0.00026,0.0,0.0,0.0,0.0,0.0,1445.0,73.04,69.45,3.4,1445.0,73.04
2024-12-31,-0.6,-7.333341e-05,0.02789,0.0,0.01594,0.0,0.0,0.0,1445.0,73.04,69.45,3.4,1445.0,73.04
2024-12-31,-0.6,0.27354115,0.00196,0.00357,0.00089,0.00303,0.00018,0.00018,1445.0,73.04,69.45,3.4,1445.0,73.04
2024-12-31,-0.6,0.52865124,0.00328,0.00821,0.00164,0.00657,0.00164,0.0,1445.0,73.04,69.45,3.4,1445.0,78.37
2025-01-31,-0.2,0.5045698,0.00326,0.00653,0.00163,0.00653,0.0,0.0,1445.0,78.37,75.44,3.82,1445.0,78.37
2025-01-31,-0.2,-0.8512899,0.00027,0.0,0.0,0.0,0.0,0.0,1445.0,78.37,75.44,3.82,1445.0,78.37
2025-01-31,-0.2,0.13148612,0.01964,0.00561,0.00842,0.00561,0.0,0.0,1445.0,78.37,75.44,3.82,1445.0,78.37
2025-01-31,-0.2,0.16280423,0.00239,0.00284,0.00055,0.00266,0.0,0.00018,1445.0,78.37,75.44,3.82,1495.0,75.71
2025-02-28,0.6,0.16615601,0.02421,0.00559,0.01117,0.00559,0.0,0.0,1495.0,75.71,71.93,3.6,1495.0,75.71
2025-02-28,0.6,0.2985234,0.00225,0.00337,0.00037,0.00337,0.00019,9e-05,1495.0,75.71,71.93,3.6,1495.0,75.71
2025-02-28,0.6,0.49251583,0.0,0.00353,0.0,0.00353,0.0,0.0,1495.0,75.71,71.93,3.6,1495.0,75.71
2025-02-28,0.6,-0.85267967,0.00027,0.0,0.0,0.0,0.0,0.0,1495.0,75.71,71.93,3.6,1495.0,71.74
2025-03-31,0.6,0.34207627,0.00874,0.0035,0.00175,0.0035,0.0,0.0,1495.0,71.74,68.18,4.11,1495.0,71.74
2025-03-31,0.6,-0.7991131,0.0,0.0,0.0,0.0,0.0,0.0,1495.0,71.74,68.18,4.11,1495.0,71.74
2025-03-31,0.6,0.4893463,0.02874,0.0,0.01724,0.0,0.0,0.0,1495.0,71.74,68.18,4.11,1495.0,71.74
2025-03-31,0.6,0.098265864,0.00229,0.00248,0.00095,0.00248,0.0,0.0,1495.0,71.74,68.18,4.11,1445.0,66.72
2025-04-30,-0.6,0.34440842,0.00109,0.00276,0.00059,0.00257,0.0,0.0003,1445.0,66.72,63.32,3.42,1445.0,66.72
2025-04-30,-0.6,0.79090375,0.0,0.00499,0.0,0.00499,0.0,0.00166,1445.0,66.72,63.32,3.42,1445.0,66.72
2025-04-30,-0.6,-0.93965477,0.00027,0.0,0.0,0.0,0.0,0.0,1445.0,66.72,63.32,3.42,1445.0,66.72
2025-04-30,-0.6,0.24999915,0.02571,0.0,0.01143,0.0,0.0,0.0,1445.0,66.72,63.32,3.42,1445.0,63.93
2025-05-31,0.7,-0.80380255,0.00054,0.0,0.0,0.0,0.0,0.0,1445.0,63.93,60.78,3.46,1445.0,63.93
2025-05-31,0.7,0.33287296,0.02098,0.0,0.01049,0.0,0.0,0.0,1445.0,63.93,60.78,3.46,1445.0,63.93
2025-05-31,0.7,0.29470357,0.00183,0.0025,0.00086,0.0024,0.0001,0.00038,1445.0,63.93,60.78,3.46,1445.0,63.93
2025-05-31,0.7,0.5190447,0.00292,0.00438,0.0,0.00584,0.0,0.00292,1445.0,63.93,60.78,3.46,1445.0,68.78
2025-06-30,0.2,-0.8002766,0.00081,0.0,0.0,0.0,0.0,0.0,1445.0,68.78,66.57,3.61,1445.0,68.78
2025-06-30,0.2,0.65802246,0.00155,0.00619,0.0,0.00619,0.0,0.0,1445.0,68.78,66.57,3.61,1445.0,68.78
2025-06-30,0.2,0.09429624,0.02222,0.00278,0.00556,0.00278,0.0,0.0,1445.0,68.78,66.57,3.61,1445.0,68.78
2025-06-30,0.2,0.24994743,0.00271,0.00203,0.00116,0.00223,0.0,0.0,1445.0,68.78,66.57,3.61,1445.0,69.07
2025-07-31,0.7,-0.20008747,0.02355,0.0,0.00857,0.0,0.0,0.0,1445.0,69.07,66.87,3.34,1445.0,69.07
2025-07-31,0.7,0.23448206,0.00215,0.00283,0.00068,0.00293,0.0002,0.00029,1445.0,69.07,66.87,3.34,1445.0,69.07
2025-07-31,0.7,0.46135494,0.00473,0.00473,0.00158,0.00789,0.0,0.0,1445.0,69.07,66.87,3.34,1445.0,69.07
2025-07-31,0.7,-0.9167049,0.00079,0.0,0.0,0.0,0.0,0.0,1445.0,69.07,66.87,3.34,1445.0,67.94
2025-08-31,0.7,-4.8104564e-05,0.01515,0.0,0.01515,0.0,0.0,0.0,1445.0,67.94,64.84,2.92,1445.0,67.94
2025-08-31,0.7,0.24602468,0.0019,0.00314,0.00067,0.00285,0.0,0.00038,1445.0,67.94,64.84,2.92,1445.0,67.94
2025-08-31,0.7,0.6837882,0.0,0.00801,0.0,0.00534,0.0,0.0,1445.0,67.94,64.84,2.92,1445.0,67.94
2025-08-31,0.7,-0.95304376,0.0008,0.0,0.0,0.0,0.0,0.0,1445.0,67.94,64.84,2.92,1445.0,67.66
2025-09-30,0.3,-0.98050904,0.0008,0.0,0.0,0.0,0.0,0.0,1445.0,67.66,63.67,2.97,1445.0,67.66
2025-09-30,0.3,0.5241815,0.00159,0.0,0.0,0.0,0.0,0.00159,1445.0,67.66,63.67,2.97,1445.0,67.66
2025-09-30,0.3,-0.50007707,0.04098,0.0,0.01639,0.0,0.0,0.0,1445.0,67.66,63.67,2.97,1445.0,67.66
2025-09-30,0.3,0.2210933,0.00193,0.00193,0.00077,0.00193,0.0001,0.00029,1445.0,67.66,63.67,2.97,1445.0,64.09
2025-10-31,0.4,-0.25026548,0.02326,0.00233,0.00465,0.00233,0.0,0.0,1445.0,64.09,60.33,3.22,1445.0,64.09
2025-10-31,0.4,0.06387462,0.00172,0.00277,0.00038,0.00267,0.00019,0.00019,1445.0,64.09,60.33,3.22,1445.0,64.09
2025-10-31,0.4,0.34636703,0.0,0.0,0.00277,0.0,0.00138,0.0,1445.0,64.09,60.33,3.22,1445.0,64.09
2025-10-31,0.4,-0.95816916,0.0008,0.0,0.0,0.0,0.0,0.0,1445.0,64.09,60.33,3.22,,
2025-11-30,0.3,-0.05499824,0.00265,0.0,0.0,0.0,0.0,0.0,,,,,,
2025-11-30,0.3,-9.812627e-05,0.02183,0.00437,0.0131,0.00437,0.0,0.0,,,,,,
2025-11-30,0.3,-0.0180787,0.00214,0.00185,0.00049,0.00166,0.00019,0.0001,,,,,,
2025-11-30,0.3,-0.9453943,0.00079,0.0,0.0,0.0,0.0,0.0,,,,,,
